﻿{
  "paragraphs": [
    {
      "text": "%md\n# Run Me First - Oracle Machine Learning for Python (OML4Py)\n\n***Oracle Machine Learning for Python*** (OML4Py) makes the open source Python scripting language and environment ready for the enterprise and big data. Designed for problems involving both large and small data volumes, OML4Py integrates Python with Oracle Autonomous Database, allowing users to run Python commands and scripts for statistical, machine learning, and visualization analyses on database tables and views using Python syntax. Many familiar Python functions are overloaded that translate Python behavior into SQL for running in-database, as well as new automatic machine learning capabilities.\n\n### The following commands should be run before running the Labs, since it creates some tables and grants access to any users of the PDB.\n\nCopyright (c) 2022 Oracle Corporation \n###### <a href=\"https://oss.oracle.com/licenses/upl/\" onclick=\"return ! window.open('https://oss.oracle.com/licenses/upl/');\">The Universal Permissive License (UPL), Version 1.0</a>\n---",
      "user": "OMLUSER",
      "dateUpdated": "2022-07-20T08:08:41+0000",
      "progress": 0,
      "config": {
        "editorSetting": {
          "language": "md",
          "editOnDblClick": false
        },
        "colWidth": 12,
        "editorMode": "ace/mode/markdown",
        "fontSize": 9,
        "editorHide": true,
        "results": {},
        "enabled": true
      },
      "settings": {
        "params": {},
        "forms": {}
      },
      "results": {
        "code": "SUCCESS",
        "msg": [
          {
            "type": "HTML",
            "data": "<h1>Run Me First - Oracle Machine Learning for Python (OML4Py)</h1>\n<p><strong><em>Oracle Machine Learning for Python</em></strong> (OML4Py) makes the open source Python scripting language and environment ready for the enterprise and big data. Designed for problems involving both large and small data volumes, OML4Py integrates Python with Oracle Autonomous Database, allowing users to run Python commands and scripts for statistical, machine learning, and visualization analyses on database tables and views using Python syntax. Many familiar Python functions are overloaded that translate Python behavior into SQL for running in-database, as well as new automatic machine learning capabilities.</p>\n<h3>The following commands should be run before running the Labs, since it creates some tables and grants access to any users of the PDB.</h3>\n<p>Copyright (c) 2022 Oracle Corporation</p>\n<h6><a href=\"https: //oss.oracle.com/licenses/upl/\" onclick=\"return ! window.open('https://oss.oracle.com/licenses/upl/');\">The Universal Permissive License (UPL), Version 1.0</a></h6>\n<hr />\n"
          }
        ]
      },
      "apps": [],
      "interrupted": false,
      "runtimeInfos": {},
      "progressUpdateIntervalMs": 500,
      "jobName": "paragraph_1658357945958_-332193825",
      "id": "20220720-225905_442402945",
      "dateCreated": "2021-02-23T04:41:17+0000",
      "dateStarted": "2022-07-20T08:08:41+0000",
      "dateFinished": "2022-07-20T08:08:41+0000",
      "status": "FINISHED",
      "focus": true,
      "$$hashKey": "object:40"
    },
    {
      "title": "Create external table by downloading csv file for Customer lifetime insurance dataset",
      "text": "%script\n\nDECLARE\n     uri_data        varchar2(1000) := 'https://raw.githubusercontent.com/oracle/oracle-db-examples/master/machine-learning/datasets/CUST_INSUR_LTV_APPLY.csv';\n     csv_format      varchar2(1000) := '{\"dateformat\":\"YYYY-MM-DD\", \"skipheaders\":\"1\", \"delimiter\":\",\", \"ignoreblanklines\":\"true\", \"removequotes\":\"true\", \"blankasnull\":\"true\", \"trimspaces\":\"lrtrim\", \"truncatecol\":\"true\", \"ignoremissingcolumns\":\"true\"}';\nBEGIN\n    BEGIN\n       EXECUTE IMMEDIATE 'DROP TABLE EXT_CUSTOMER_INSURANCE_LTV';\n       EXCEPTION WHEN OTHERS THEN NULL;\n    END;\n\n    DBMS_CLOUD.CREATE_EXTERNAL_TABLE(\n            TABLE_NAME => 'EXT_CUSTOMER_INSURANCE_LTV',\n            FILE_URI_LIST => uri_data,\n            FORMAT => csv_format,\n            COLUMN_LIST => 'MARITAL_STATUS          VARCHAR2(26),\n                            STATE                   VARCHAR2(26),\n                            CREDIT_BALANCE          NUMBER(8,0),\n                            CUSTOMER_TENURE         NUMBER(3,0),\n                            MORTGAGE_AMOUNT         NUMBER(7,0),\n                            BANK_FUNDS              NUMBER(7,0),\n                            NUM_DEPENDENTS          NUMBER(3,0),\n                            HAS_CHILDREN            NUMBER(3,0),\n                            INCOME                  NUMBER(7,0),\n                            CUSTOMER_ID             VARCHAR2(26),\n                            GENDER                  VARCHAR2(26),\n                            PROFESSION              VARCHAR2(35),\n                            CREDIT_CARD_LIMITS      NUMBER(6,0),\n                            REGION                  VARCHAR2(26),\n                            HOME_OWNERSHIP          NUMBER(3,0),\n                            NUM_ONLINE_TRANS        NUMBER(6,0),\n                            BUY_INSURANCE           VARCHAR2(26),\n                            MONTHLY_CHECKS          NUMBER(4,0),\n                            NUM_TRANS_KIOSK         NUMBER(3,0),\n                            AGE                     NUMBER(4,0),\n                            MONEY_MONTLY_OVERDRAWN  NUMBER(6,2),\n                            LTV                     NUMBER(9,2),\n                            TOTAL_AUTOM_PAYMENTS    NUMBER(8,0),\n                            NUM_TRANS_TELLER        NUMBER(3,0),\n                            CHECKING_BALANCE        NUMBER(7,0),\n                            NUM_TRANS_ATM           NUMBER(3,0),\n                            LTV_BIN                 VARCHAR2(26),\n                            FIRST_NAME              VARCHAR2(26),\n                            NUM_MORTGAGES           NUMBER(3,0),\n                            CAR_OWNERSHIP           NUMBER(3,0),\n                            LAST_NAME               VARCHAR2(26)');\n                            \n-- WRITE A TABLE INTO THE CURRENT USER WITH THE NAME \"CUSTOMER_INSURANCE_LTV\"    \n    \nEND;\n",
      "user": "OMLUSER",
      "dateUpdated": "2022-07-20T08:08:41+0000",
      "progress": 0,
      "config": {
        "editorSetting": {
          "language": "plsql",
          "editOnDblClick": false
        },
        "colWidth": 12,
        "editorMode": "ace/mode/plsql",
        "fontSize": 9,
        "title": true,
        "results": {},
        "enabled": true
      },
      "settings": {
        "params": {},
        "forms": {}
      },
      "results": {
        "code": "SUCCESS",
        "msg": [
          {
            "type": "TEXT",
            "data": "\nPL/SQL procedure successfully completed.\n\n"
          }
        ]
      },
      "apps": [],
      "interrupted": false,
      "runtimeInfos": {},
      "progressUpdateIntervalMs": 500,
      "jobName": "paragraph_1658357945958_821517710",
      "id": "20220720-225905_1024411945",
      "dateCreated": "2021-09-15T17:41:58+0000",
      "dateStarted": "2022-07-20T08:08:41+0000",
      "dateFinished": "2022-07-20T08:08:52+0000",
      "status": "FINISHED",
      "$$hashKey": "object:41"
    },
    {
      "title": "Create CUSTOMER_INSURANCE_LTV table from the external table",
      "text": "%script\n\nBEGIN\n    EXECUTE IMMEDIATE 'DROP TABLE CUSTOMER_INSURANCE_LTV';\n    EXCEPTION WHEN OTHERS THEN NULL;\nEND;\n/\n\nBEGIN\n    EXECUTE IMMEDIATE 'create table CUSTOMER_INSURANCE_LTV as select * from EXT_CUSTOMER_INSURANCE_LTV';\n    EXCEPTION WHEN OTHERS THEN NULL;\nEND;",
      "user": "OMLUSER",
      "dateUpdated": "2022-07-20T08:08:52+0000",
      "progress": 0,
      "config": {
        "editorSetting": {
          "language": "plsql",
          "editOnDblClick": false
        },
        "colWidth": 12,
        "editorMode": "ace/mode/plsql",
        "fontSize": 9,
        "title": true,
        "results": {},
        "enabled": true
      },
      "settings": {
        "params": {},
        "forms": {}
      },
      "results": {
        "code": "SUCCESS",
        "msg": [
          {
            "type": "TEXT",
            "data": "\nPL/SQL procedure successfully completed.\n\n\n---------------------------\n\nPL/SQL procedure successfully completed.\n\n"
          }
        ]
      },
      "apps": [],
      "interrupted": false,
      "runtimeInfos": {},
      "progressUpdateIntervalMs": 500,
      "jobName": "paragraph_1658357945958_-2064720508",
      "id": "20220720-225905_1366784569",
      "dateCreated": "2021-09-15T17:47:23+0000",
      "dateStarted": "2022-07-20T08:08:53+0000",
      "dateFinished": "2022-07-20T08:08:57+0000",
      "status": "FINISHED",
      "$$hashKey": "object:42"
    },
    {
      "title": "Create noise table for CUSTOMER_INSURANCE_LTV ",
      "text": "%script\n\nBEGIN\n    EXECUTE IMMEDIATE 'DROP TABLE CUSTOMER_INSURANCE_LTV_NOISE';\n    EXCEPTION WHEN OTHERS THEN NULL;\nEND;\n/\n\n\nCREATE TABLE CUSTOMER_INSURANCE_LTV_NOISE AS\nSELECT * FROM CUSTOMER_INSURANCE_LTV\n",
      "user": "OMLUSER",
      "dateUpdated": "2022-07-20T08:08:57+0000",
      "progress": 0,
      "config": {
        "editorSetting": {
          "language": "plsql",
          "editOnDblClick": false
        },
        "colWidth": 12,
        "editorMode": "ace/mode/plsql",
        "fontSize": 9,
        "title": true,
        "results": {},
        "enabled": true
      },
      "settings": {
        "params": {},
        "forms": {}
      },
      "results": {
        "code": "SUCCESS",
        "msg": [
          {
            "type": "TEXT",
            "data": "\nPL/SQL procedure successfully completed.\n\n\n---------------------------\n\nTable CUSTOMER_INSURANCE_LTV_NOISE created.\n\n"
          }
        ]
      },
      "apps": [],
      "interrupted": false,
      "runtimeInfos": {},
      "progressUpdateIntervalMs": 500,
      "jobName": "paragraph_1658357945958_1548366738",
      "id": "20220720-225905_340170711",
      "dateCreated": "2021-09-21T21:10:02+0000",
      "dateStarted": "2022-07-20T08:08:57+0000",
      "dateFinished": "2022-07-20T08:08:59+0000",
      "status": "FINISHED",
      "$$hashKey": "object:43"
    },
    {
      "title": "Change a subset of columns to be NULL",
      "text": "%sql\n\nUPDATE  CUSTOMER_INSURANCE_LTV_NOISE\nSET INCOME = NULL, BANK_FUNDS = NULL, CREDIT_BALANCE = NULL, MARITAL_STATUS = NULL\nWHERE CUSTOMER_ID < 'CU2';",
      "user": "OMLUSER",
      "dateUpdated": "2022-07-20T08:08:59+0000",
      "progress": 0,
      "config": {
        "editorSetting": {
          "language": "sql",
          "editOnDblClick": false
        },
        "colWidth": 6,
        "editorMode": "ace/mode/osql",
        "fontSize": 9,
        "title": true,
        "results": {},
        "enabled": true
      },
      "settings": {
        "params": {},
        "forms": {}
      },
      "results": {
        "code": "SUCCESS",
        "msg": []
      },
      "apps": [],
      "interrupted": false,
      "runtimeInfos": {},
      "progressUpdateIntervalMs": 500,
      "jobName": "paragraph_1658357945958_643334326",
      "id": "20220720-225905_2058493790",
      "dateCreated": "2021-09-20T20:15:26+0000",
      "dateStarted": "2022-07-20T08:09:00+0000",
      "dateFinished": "2022-07-20T08:09:00+0000",
      "status": "FINISHED",
      "$$hashKey": "object:44"
    },
    {
      "title": "Add rows with all values to be NULL",
      "text": "%sql\n\nINSERT INTO CUSTOMER_INSURANCE_LTV_NOISE\nVALUES (NULL,NULL,NULL,NULL,NULL,NULL,NULL,NULL,NULL,NULL,NULL,NULL,NULL,NULL,NULL,NULL,NULL,NULL,NULL,NULL,NULL,NULL,NULL,NULL,NULL,NULL,NULL,NULL,NULL,NULL,NULL)\n",
      "user": "OMLUSER",
      "dateUpdated": "2022-07-20T08:09:00+0000",
      "progress": 0,
      "config": {
        "editorSetting": {
          "language": "sql",
          "editOnDblClick": false
        },
        "colWidth": 6,
        "editorMode": "ace/mode/osql",
        "fontSize": 9,
        "title": true,
        "results": {},
        "enabled": true
      },
      "settings": {
        "params": {},
        "forms": {}
      },
      "results": {
        "code": "SUCCESS",
        "msg": []
      },
      "apps": [],
      "interrupted": false,
      "runtimeInfos": {},
      "progressUpdateIntervalMs": 500,
      "jobName": "paragraph_1658357945958_-2139247855",
      "id": "20220720-225905_1026774816",
      "dateCreated": "2021-09-21T19:27:24+0000",
      "dateStarted": "2022-07-20T08:09:00+0000",
      "dateFinished": "2022-07-20T08:09:00+0000",
      "status": "FINISHED",
      "$$hashKey": "object:45"
    },
    {
      "title": "Create IRIS table in database from scikit-learn",
      "text": "%python\n\nimport oml\n\nfrom sklearn import datasets\nfrom sklearn import linear_model\nimport pandas as pd\n\niris = datasets.load_iris()\nx = pd.DataFrame(iris.data, columns = ['SEPAL_LENGTH','SEPAL_WIDTH','PETAL_LENGTH','PETAL_WIDTH'])\ny = pd.DataFrame(list(map(lambda x: {0: 'setosa', 1: 'versicolor',2:'virginica'}[x], iris.target)), columns = ['SPECIES'])\n\ntry:\n  oml.drop(table='IRIS')\nexcept:\n  pass\n\nIRIS = oml.create(pd.concat([x, y], axis=1), table = 'IRIS')\niris_df = pd.concat([x, y], axis=1)\nprint(IRIS.columns)",
      "user": "OMLUSER",
      "dateUpdated": "2022-07-20T08:09:01+0000",
      "progress": 0,
      "config": {
        "editorSetting": {
          "language": "text",
          "editOnDblClick": false
        },
        "colWidth": 12,
        "editorMode": "ace/mode/undefined",
        "fontSize": 9,
        "title": true,
        "results": {},
        "graph": {
          "mode": "table",
          "height": 300,
          "optionOpen": false,
          "keys": [],
          "values": [],
          "groups": [],
          "scatter": {}
        },
        "enabled": true
      },
      "settings": {
        "params": {},
        "forms": {}
      },
      "results": {
        "code": "SUCCESS",
        "msg": [
          {
            "type": "TEXT",
            "data": "['SEPAL_LENGTH', 'SEPAL_WIDTH', 'PETAL_LENGTH', 'PETAL_WIDTH', 'SPECIES']\n"
          }
        ]
      },
      "apps": [],
      "interrupted": false,
      "runtimeInfos": {},
      "progressUpdateIntervalMs": 500,
      "jobName": "paragraph_1658357945958_-333175758",
      "id": "20220720-225905_1467962381",
      "dateCreated": "2021-01-21T00:08:49+0000",
      "dateStarted": "2022-07-20T08:09:01+0000",
      "dateFinished": "2022-07-20T08:09:03+0000",
      "status": "FINISHED",
      "$$hashKey": "object:46"
    },
    {
      "title": "Create WINE table in database from scikit-learn",
      "text": "%python\n\nimport oml\nimport pandas as pd\nimport matplotlib.pyplot as plt\nfrom sklearn.datasets import load_wine\n\ntry:\n   oml.drop(table=\"WINE\")\nexcept:\n   pass\n\nwine = load_wine()\n\nx = pd.DataFrame(wine.data, columns = wine[\"feature_names\"])\ny = pd.DataFrame(list(map(lambda x: {0:'class_0', 1: 'class_1', 2:'class_2'}[x], wine.target)), columns = ['target'])\n\nwine_df = pd.concat([x,y], axis=1)\nWINE = oml.create(wine_df, table = \"WINE\")",
      "user": "OMLUSER",
      "dateUpdated": "2022-07-20T08:09:03+0000",
      "progress": 0,
      "config": {
        "editorSetting": {
          "language": "text",
          "editOnDblClick": false
        },
        "colWidth": 12,
        "editorMode": "ace/mode/undefined",
        "fontSize": 9,
        "title": true,
        "results": {},
        "enabled": true
      },
      "settings": {
        "params": {},
        "forms": {}
      },
      "results": {
        "code": "SUCCESS",
        "msg": []
      },
      "apps": [],
      "interrupted": false,
      "runtimeInfos": {},
      "progressUpdateIntervalMs": 500,
      "jobName": "paragraph_1658357945958_548619777",
      "id": "20220720-225905_1999079706",
      "dateCreated": "2021-01-21T08:15:26+0000",
      "dateStarted": "2022-07-20T08:09:04+0000",
      "dateFinished": "2022-07-20T08:09:04+0000",
      "status": "FINISHED",
      "$$hashKey": "object:47"
    },
    {
      "title": "Create DIGITS table in database scikit-learn",
      "text": "%python\n\nimport pandas as pd\nfrom sklearn.datasets import load_digits\n\ndigits = load_digits()\npd_digits = pd.DataFrame(digits.data, columns=['IMG'+str(i) for i in range(digits['data'].shape[1])])\npd_digits = pd.concat([pd_digits, pd.Series(digits.target,name = 'target')], axis = 1)\n\ntry:\n   oml.drop(table=\"DIGITS\")\nexcept:\n   pass\n   \nDIGITS = oml.create(pd_digits, table = \"DIGITS\")",
      "user": "OMLUSER",
      "dateUpdated": "2022-07-20T08:09:04+0000",
      "progress": 0,
      "config": {
        "editorSetting": {
          "language": "text",
          "editOnDblClick": false
        },
        "colWidth": 12,
        "editorMode": "ace/mode/undefined",
        "fontSize": 9,
        "title": true,
        "results": {},
        "enabled": true
      },
      "settings": {
        "params": {},
        "forms": {}
      },
      "results": {
        "code": "SUCCESS",
        "msg": []
      },
      "apps": [],
      "interrupted": false,
      "runtimeInfos": {},
      "progressUpdateIntervalMs": 500,
      "jobName": "paragraph_1658357945958_1547549008",
      "id": "20220720-225905_495267919",
      "dateCreated": "2021-01-23T23:04:32+0000",
      "dateStarted": "2022-07-20T08:09:04+0000",
      "dateFinished": "2022-07-20T08:09:05+0000",
      "status": "FINISHED",
      "$$hashKey": "object:48"
    },
    {
      "text": "%md\n## Create VIEWS for the TABLES\n---\n",
      "user": "OMLUSER",
      "dateUpdated": "2022-07-20T08:09:05+0000",
      "progress": 0,
      "config": {
        "editorSetting": {
          "language": "md",
          "editOnDblClick": false
        },
        "colWidth": 12,
        "editorMode": "ace/mode/markdown",
        "fontSize": 9,
        "editorHide": true,
        "results": {},
        "enabled": true
      },
      "settings": {
        "params": {},
        "forms": {}
      },
      "results": {
        "code": "SUCCESS",
        "msg": [
          {
            "type": "HTML",
            "data": "<h2>Create VIEWS for the TABLES</h2>\n<hr />\n"
          }
        ]
      },
      "apps": [],
      "interrupted": false,
      "runtimeInfos": {},
      "progressUpdateIntervalMs": 500,
      "jobName": "paragraph_1658357945958_631924864",
      "id": "20220720-225905_975761032",
      "dateCreated": "2021-02-23T04:56:50+0000",
      "dateStarted": "2022-07-20T08:09:05+0000",
      "dateFinished": "2022-07-20T08:09:05+0000",
      "status": "FINISHED",
      "$$hashKey": "object:49"
    },
    {
      "text": "%sql\n\nCREATE OR REPLACE view CUSTOMER_INSURANCE_LTV_VIEW as select * from CUSTOMER_INSURANCE_LTV;\n",
      "user": "OMLUSER",
      "dateUpdated": "2022-07-20T08:09:05+0000",
      "progress": 0,
      "config": {
        "editorSetting": {
          "language": "sql",
          "editOnDblClick": false
        },
        "colWidth": 12,
        "editorMode": "ace/mode/osql",
        "fontSize": 9,
        "results": {},
        "enabled": true
      },
      "settings": {
        "params": {},
        "forms": {}
      },
      "results": {
        "code": "SUCCESS",
        "msg": []
      },
      "apps": [],
      "interrupted": false,
      "runtimeInfos": {},
      "progressUpdateIntervalMs": 500,
      "jobName": "paragraph_1658357945958_313496691",
      "id": "20220720-225905_391777020",
      "dateCreated": "2021-09-15T17:48:44+0000",
      "dateStarted": "2022-07-20T08:09:06+0000",
      "dateFinished": "2022-07-20T08:09:06+0000",
      "status": "FINISHED",
      "$$hashKey": "object:50"
    },
    {
      "text": "%sql\n\nCREATE OR REPLACE view IRIS_VIEW as select * from IRIS;\n",
      "user": "OMLUSER",
      "dateUpdated": "2022-07-20T08:09:06+0000",
      "progress": 0,
      "config": {
        "editorSetting": {
          "language": "sql",
          "editOnDblClick": false
        },
        "colWidth": 12,
        "editorMode": "ace/mode/osql",
        "fontSize": 9,
        "results": {},
        "enabled": true
      },
      "settings": {
        "params": {},
        "forms": {}
      },
      "results": {
        "code": "SUCCESS",
        "msg": []
      },
      "apps": [],
      "interrupted": false,
      "runtimeInfos": {},
      "progressUpdateIntervalMs": 500,
      "jobName": "paragraph_1658357945958_-1673983479",
      "id": "20220720-225905_1560161876",
      "dateCreated": "2021-01-21T08:04:34+0000",
      "dateStarted": "2022-07-20T08:09:06+0000",
      "dateFinished": "2022-07-20T08:09:06+0000",
      "status": "FINISHED",
      "$$hashKey": "object:51"
    },
    {
      "text": "%sql\n\nCREATE OR REPLACE view WINE_VIEW as select * from WINE;\n",
      "user": "OMLUSER",
      "dateUpdated": "2022-07-20T08:09:06+0000",
      "progress": 0,
      "config": {
        "editorSetting": {
          "language": "sql",
          "editOnDblClick": false
        },
        "colWidth": 12,
        "editorMode": "ace/mode/osql",
        "fontSize": 9,
        "results": {},
        "enabled": true
      },
      "settings": {
        "params": {},
        "forms": {}
      },
      "results": {
        "code": "SUCCESS",
        "msg": []
      },
      "apps": [],
      "interrupted": false,
      "runtimeInfos": {},
      "progressUpdateIntervalMs": 500,
      "jobName": "paragraph_1658357945958_849711994",
      "id": "20220720-225905_1758292684",
      "dateCreated": "2021-01-23T22:54:41+0000",
      "dateStarted": "2022-07-20T08:09:06+0000",
      "dateFinished": "2022-07-20T08:09:06+0000",
      "status": "FINISHED",
      "$$hashKey": "object:52"
    },
    {
      "text": "%sql\n\nCREATE OR REPLACE view DIGITS_VIEW as select * from DIGITS;",
      "user": "OMLUSER",
      "dateUpdated": "2022-07-20T08:09:06+0000",
      "progress": 0,
      "config": {
        "editorSetting": {
          "language": "sql",
          "editOnDblClick": false
        },
        "colWidth": 12,
        "editorMode": "ace/mode/osql",
        "fontSize": 9,
        "results": {},
        "enabled": true
      },
      "settings": {
        "params": {},
        "forms": {}
      },
      "results": {
        "code": "SUCCESS",
        "msg": []
      },
      "apps": [],
      "interrupted": false,
      "runtimeInfos": {},
      "progressUpdateIntervalMs": 500,
      "jobName": "paragraph_1658357945958_-1050620856",
      "id": "20220720-225905_367826419",
      "dateCreated": "2021-01-23T23:05:12+0000",
      "dateStarted": "2022-07-20T08:09:07+0000",
      "dateFinished": "2022-07-20T08:09:07+0000",
      "status": "FINISHED",
      "$$hashKey": "object:53"
    },
    {
      "text": "%md\n## Grants all users of the PDB access to the tables and Views\n---",
      "user": "OMLUSER",
      "dateUpdated": "2022-07-20T08:09:07+0000",
      "progress": 0,
      "config": {
        "editorSetting": {
          "language": "md",
          "editOnDblClick": false
        },
        "colWidth": 12,
        "editorMode": "ace/mode/markdown",
        "fontSize": 9,
        "editorHide": true,
        "results": {},
        "enabled": true
      },
      "settings": {
        "params": {},
        "forms": {}
      },
      "results": {
        "code": "SUCCESS",
        "msg": [
          {
            "type": "HTML",
            "data": "<h2>Grants all users of the PDB access to the tables and Views</h2>\n<hr />\n"
          }
        ]
      },
      "apps": [],
      "interrupted": false,
      "runtimeInfos": {},
      "progressUpdateIntervalMs": 500,
      "jobName": "paragraph_1658357945958_-1859621698",
      "id": "20220720-225905_1386639448",
      "dateCreated": "2021-02-23T05:02:38+0000",
      "dateStarted": "2022-07-20T08:09:07+0000",
      "dateFinished": "2022-07-20T08:09:07+0000",
      "status": "FINISHED",
      "$$hashKey": "object:54"
    },
    {
      "title": "Grants access to tables",
      "text": "%script\n\n\nBEGIN\n    FOR t IN (SELECT * FROM user_tables where TABLE_NAME IN ('IRIS','WINE','DIGITS', 'CUSTOMER_INSURANCE_LTV', 'CUSTOMER_INSURANCE_LTV_NOISE' ) )\n    LOOP   \n        EXECUTE IMMEDIATE 'GRANT SELECT ON ' || t.table_name || ' TO PUBLIC';    \n    END LOOP;\nEND;\n/\n",
      "user": "OMLUSER",
      "dateUpdated": "2022-07-20T08:09:07+0000",
      "progress": 0,
      "config": {
        "editorSetting": {
          "language": "plsql",
          "editOnDblClick": false
        },
        "colWidth": 12,
        "editorMode": "ace/mode/plsql",
        "fontSize": 9,
        "title": true,
        "results": {},
        "enabled": true
      },
      "settings": {
        "params": {},
        "forms": {}
      },
      "results": {
        "code": "SUCCESS",
        "msg": [
          {
            "type": "TEXT",
            "data": "\nPL/SQL procedure successfully completed.\n\n\n---------------------------\n"
          }
        ]
      },
      "apps": [],
      "interrupted": false,
      "runtimeInfos": {},
      "progressUpdateIntervalMs": 500,
      "jobName": "paragraph_1658357945958_1886705344",
      "id": "20220720-225905_2139584726",
      "dateCreated": "2021-01-21T00:09:01+0000",
      "dateStarted": "2022-07-20T08:09:07+0000",
      "dateFinished": "2022-07-20T08:09:07+0000",
      "status": "FINISHED",
      "$$hashKey": "object:55"
    },
    {
      "title": "Grants access to views",
      "text": "%script\n\nBEGIN\n    FOR t IN (SELECT * FROM user_views where VIEW_NAME IN ('IRIS_VIEW','WINE_VIEW','DIGITS_VIEW', 'CUSTOMER_INSURANCE_LTV_VIEW') ) \n    LOOP   \n        EXECUTE IMMEDIATE 'GRANT SELECT ON ' || t.view_name || ' TO PUBLIC';    \n    END LOOP;\nEND;\n/\n\n",
      "user": "OMLUSER",
      "dateUpdated": "2022-07-20T08:09:08+0000",
      "progress": 0,
      "config": {
        "editorSetting": {
          "language": "plsql",
          "editOnDblClick": false
        },
        "colWidth": 12,
        "editorMode": "ace/mode/plsql",
        "fontSize": 9,
        "title": true,
        "results": {},
        "enabled": true
      },
      "settings": {
        "params": {},
        "forms": {}
      },
      "results": {
        "code": "SUCCESS",
        "msg": [
          {
            "type": "TEXT",
            "data": "\nPL/SQL procedure successfully completed.\n\n\n---------------------------\n"
          }
        ]
      },
      "apps": [],
      "interrupted": false,
      "runtimeInfos": {},
      "progressUpdateIntervalMs": 500,
      "jobName": "paragraph_1658357945958_-1138208225",
      "id": "20220720-225905_2082469600",
      "dateCreated": "2021-01-21T00:09:40+0000",
      "dateStarted": "2022-07-20T08:09:08+0000",
      "dateFinished": "2022-07-20T08:09:08+0000",
      "status": "FINISHED",
      "$$hashKey": "object:56"
    },
    {
      "text": "%md\n## Learn More\n\n* <a href=\"https://docs.oracle.com/en/database/oracle/machine-learning/oml-notebooks/\" onclick=\"return ! window.open('https://docs.oracle.com/en/database/oracle/machine-learning/oml-notebooks/');\">Oracle Machine Learning Notebooks</a>\n \n**Last Updated Date** - July 2022\n \nCopyright (c) 2022 Oracle Corporation \n###### <a href=\"https://oss.oracle.com/licenses/upl/\" onclick=\"return ! window.open('https://oss.oracle.com/licenses/upl/');\">The Universal Permissive License (UPL), Version 1.0</a>\n---",
      "user": "OMLUSER",
      "dateUpdated": "2022-07-20T08:09:41+0000",
      "progress": 0,
      "config": {
        "editorSetting": {
          "language": "md",
          "editOnDblClick": false
        },
        "colWidth": 12,
        "editorMode": "ace/mode/markdown",
        "fontSize": 9,
        "editorHide": true,
        "results": {},
        "enabled": true
      },
      "settings": {
        "params": {},
        "forms": {}
      },
      "results": {
        "code": "SUCCESS",
        "msg": [
          {
            "type": "HTML",
            "data": "<h2>Learn More</h2>\n<ul>\n<li><a href=\"https: //docs.oracle.com/en/database/oracle/machine-learning/oml-notebooks/\" onclick=\"return ! window.open('https://docs.oracle.com/en/database/oracle/machine-learning/oml-notebooks/');\">Oracle Machine Learning Notebooks</a></li>\n</ul>\n<p><strong>Last Updated Date</strong> - July 2022</p>\n<p>Copyright (c) 2022 Oracle Corporation</p>\n<h6><a href=\"https: //oss.oracle.com/licenses/upl/\" onclick=\"return ! window.open('https://oss.oracle.com/licenses/upl/');\">The Universal Permissive License (UPL), Version 1.0</a></h6>\n<hr />\n"
          }
        ]
      },
      "apps": [],
      "interrupted": false,
      "runtimeInfos": {},
      "progressUpdateIntervalMs": 500,
      "jobName": "paragraph_1658357945958_-316744869",
      "id": "20220720-225905_221095837",
      "dateCreated": "2021-01-23T23:05:55+0000",
      "dateStarted": "2022-07-20T08:09:41+0000",
      "dateFinished": "2022-07-20T08:09:41+0000",
      "status": "FINISHED",
      "$$hashKey": "object:57"
    },
    {
      "text": "%md\n",
      "user": "OMLUSER",
      "dateUpdated": "2022-07-20T08:09:48+0000",
      "progress": 0,
      "config": {
        "editorSetting": {
          "language": "md",
          "editOnDblClick": false
        },
        "colWidth": 12,
        "editorMode": "ace/mode/markdown",
        "fontSize": 9,
        "results": {},
        "enabled": true
      },
      "settings": {
        "params": {},
        "forms": {}
      },
      "results": {
        "code": "SUCCESS",
        "msg": []
      },
      "apps": [],
      "interrupted": false,
      "runtimeInfos": {},
      "progressUpdateIntervalMs": 500,
      "jobName": "paragraph_1658357945958_1384257778",
      "id": "20220720-225905_1818763984",
      "dateCreated": "2021-09-21T20:46:27+0000",
      "dateStarted": "2022-07-20T08:09:09+0000",
      "dateFinished": "2022-07-20T08:09:09+0000",
      "status": "FINISHED",
      "$$hashKey": "object:58"
    }
  ],
  "name": "Lab 1a: Run Me First - OML4Py table creation and grants",
  "id": "121928",
  "noteParams": {},
  "noteForms": {},
  "angularObjects": {
    "ORAD7DCEF6B97:OMLUSER:1444826": [],
    "ORADFCC4BB4BB:OMLUSER:1444826": [],
    "ORA479FE34F66:OMLUSER:1444826": [],
    "MDW72560A8093:shared_process": []
  },
  "config": {
    "looknfeel": "default",
    "personalizedMode": "false"
  },
  "info": {
    "isRunning": false
  }
}